date,region,latitude,longitude,rainfall,temperature_2m,period,rainfall_7d,rainfall_30d
2017-01-01,Assam,26.2006,92.9376,3.68,18.98,pre_flood,3.68,3.68
2017-01-02,Assam,26.2006,92.9376,1.51,16.65,pre_flood,5.19,5.19
2017-01-03,Assam,26.2006,92.9376,0.59,17.76,pre_flood,5.78,5.78
2017-01-04,Assam,26.2006,92.9376,2.51,17.84,pre_flood,8.29,8.29
2017-01-05,Assam,26.2006,92.9376,7.32,17.34,pre_flood,15.61,15.61
2017-01-06,Assam,26.2006,92.9376,5.09,18.75,pre_flood,20.7,20.7
2017-01-07,Assam,26.2006,92.9376,9.62,20.04,pre_flood,30.32,30.32
2017-01-08,Assam,26.2006,92.9376,0.14,19.06,pre_flood,26.78,30.46
2017-01-09,Assam,26.2006,92.9376,6.07,13.95,pre_flood,31.34,36.53
2017-01-10,Assam,26.2006,92.9376,7.39,19.24,pre_flood,38.14,43.92
2017-01-11,Assam,26.2006,92.9376,4.81,17.36,pre_flood,40.44,48.73
2017-01-12,Assam,26.2006,92.9376,1.6,19.45,pre_flood,34.72,50.33
2017-01-13,Assam,26.2006,92.9376,4.92,21.55,pre_flood,34.55,55.25
2017-01-14,Assam,26.2006,92.9376,3.83,14.73,pre_flood,28.759999999999998,59.08
2017-01-15,Assam,26.2006,92.9376,0.73,17.06,pre_flood,29.349999999999998,59.81
2017-01-16,Assam,26.2006,92.9376,3.94,16.05,pre_flood,27.22,63.75
2017-01-17,Assam,26.2006,92.9376,0.91,20.37,pre_flood,20.74,64.66
2017-01-18,Assam,26.2006,92.9376,2.02,19.93,pre_flood,17.95,66.68
2017-01-19,Assam,26.2006,92.9376,1.29,14.83,pre_flood,17.64,67.97
2017-01-20,Assam,26.2006,92.9376,1.83,19.53,pre_flood,14.55,69.8
2017-01-21,Assam,26.2006,92.9376,0.06,15.74,pre_flood,10.78,69.86
2017-01-22,Assam,26.2006,92.9376,1.87,18.57,pre_flood,11.92,71.73
2017-01-23,Assam,26.2006,92.9376,4.4,19.81,pre_flood,12.38,76.13
2017-01-24,Assam,26.2006,92.9376,1.08,17.49,pre_flood,12.55,77.21000000000001
2017-01-25,Assam,26.2006,92.9376,1.09,19.29,pre_flood,11.620000000000001,78.3
2017-01-26,Assam,26.2006,92.9376,1.09,17.69,pre_flood,11.42,79.39
2017-01-27,Assam,26.2006,92.9376,1.77,16.34,pre_flood,11.36,81.16
2017-01-28,Assam,26.2006,92.9376,4.5,16.3,pre_flood,15.8,85.66
2017-01-29,Assam,26.2006,92.9376,13.9,19.02,pre_flood,27.830000000000002,99.56
2017-01-30,Assam,26.2006,92.9376,5.91,17.81,pre_flood,29.34,105.47
2017-01-31,Assam,26.2006,92.9376,7.44,19.06,pre_flood,35.7,109.22999999999999
2017-02-01,Assam,26.2006,92.9376,2.63,20.9,pre_flood,37.239999999999995,110.35000000000001
2017-02-02,Assam,26.2006,92.9376,3.81,17.06,pre_flood,39.96,113.57000000000001
2017-02-03,Assam,26.2006,92.9376,0.19,15.34,pre_flood,38.38,111.25
2017-02-04,Assam,26.2006,92.9376,0.57,15.99,pre_flood,34.449999999999996,104.5
2017-02-05,Assam,26.2006,92.9376,1.27,18.42,pre_flood,21.82,100.68
2017-02-06,Assam,26.2006,92.9376,1.9,18.28,pre_flood,17.81,92.96
2017-02-07,Assam,26.2006,92.9376,2.18,16.54,pre_flood,12.549999999999999,95.00000000000001
2017-02-08,Assam,26.2006,92.9376,7.65,20.05,pre_flood,17.57,96.58
2017-02-09,Assam,26.2006,92.9376,1.24,19.11,pre_flood,15.0,90.43
2017-02-10,Assam,26.2006,92.9376,1.68,16.82,pre_flood,16.490000000000002,87.3
2017-02-11,Assam,26.2006,92.9376,2.94,15.64,pre_flood,18.86,88.64
2017-02-12,Assam,26.2006,92.9376,8.56,21.47,pre_flood,26.15,92.28
2017-02-13,Assam,26.2006,92.9376,4.85,19.68,pre_flood,29.1,93.30000000000001
2017-02-14,Assam,26.2006,92.9376,0.24,17.8,pre_flood,27.16,92.81
2017-02-15,Assam,26.2006,92.9376,1.81,15.89,pre_flood,21.32,90.68
2017-02-16,Assam,26.2006,92.9376,1.86,18.56,pre_flood,21.94,91.63000000000001
2017-02-17,Assam,26.2006,92.9376,1.43,15.71,pre_flood,21.689999999999998,91.03999999999999
2017-02-18,Assam,26.2006,92.9376,1.13,17.71,pre_flood,19.88,90.88000000000001
2017-02-19,Assam,26.2006,92.9376,4.46,16.77,pre_flood,15.78,93.51
2017-02-20,Assam,26.2006,92.9376,0.52,20.53,pre_flood,11.45,93.97
2017-02-21,Assam,26.2006,92.9376,7.18,16.33,pre_flood,18.39,99.28
2017-02-22,Assam,26.2006,92.9376,3.32,14.13,pre_flood,19.9,98.2
2017-02-23,Assam,26.2006,92.9376,1.75,17.46,pre_flood,19.79,98.87
2017-02-24,Assam,26.2006,92.9376,1.2,18.49,pre_flood,19.56,98.98
2017-02-25,Assam,26.2006,92.9376,0.24,12.7,pre_flood,18.669999999999998,98.13
2017-02-26,Assam,26.2006,92.9376,0.37,19.48,pre_flood,14.579999999999998,96.73
2017-02-27,Assam,26.2006,92.9376,0.33,15.02,pre_flood,14.389999999999999,92.56
2017-02-28,Assam,26.2006,92.9376,0.72,18.27,pre_flood,7.93,79.38
2017-03-01,Assam,26.2006,92.9376,0.11,26.99,pre_flood,4.72,73.58
2017-03-02,Assam,26.2006,92.9376,1.2,19.0,pre_flood,4.17,67.34
2017-03-03,Assam,26.2006,92.9376,1.9,30.61,pre_flood,4.869999999999999,66.61
2017-03-04,Assam,26.2006,92.9376,1.64,23.86,pre_flood,6.27,64.44
2017-03-05,Assam,26.2006,92.9376,0.83,22.67,pre_flood,6.73,65.08
2017-03-06,Assam,26.2006,92.9376,1.62,25.96,pre_flood,8.02,66.13
2017-03-07,Assam,26.2006,92.9376,0.32,26.01,pre_flood,7.619999999999999,65.17999999999999
2017-03-08,Assam,26.2006,92.9376,1.46,27.39,pre_flood,8.97,64.74
2017-03-09,Assam,26.2006,92.9376,1.72,23.74,pre_flood,9.49,64.28
2017-03-10,Assam,26.2006,92.9376,3.25,23.02,pre_flood,10.84,59.879999999999995
2017-03-11,Assam,26.2006,92.9376,0.82,20.75,pre_flood,10.020000000000001,59.46
2017-03-12,Assam,26.2006,92.9376,4.25,29.12,pre_flood,13.440000000000001,62.03
2017-03-13,Assam,26.2006,92.9376,2.85,22.0,pre_flood,14.67,61.94
2017-03-14,Assam,26.2006,92.9376,1.65,28.62,pre_flood,16.0,55.03
2017-03-15,Assam,26.2006,92.9376,0.94,21.21,pre_flood,15.48,51.12
2017-03-16,Assam,26.2006,92.9376,0.73,26.25,pre_flood,14.489999999999998,51.61
2017-03-17,Assam,26.2006,92.9376,2.11,20.45,pre_flood,13.35,51.910000000000004
2017-03-18,Assam,26.2006,92.9376,4.99,28.84,pre_flood,17.52,55.03999999999999
2017-03-19,Assam,26.2006,92.9376,1.47,21.05,pre_flood,14.74,55.08
2017-03-20,Assam,26.2006,92.9376,3.66,18.72,pre_flood,15.55,57.61
2017-03-21,Assam,26.2006,92.9376,6.52,25.93,pre_flood,20.42,59.67
2017-03-22,Assam,26.2006,92.9376,0.69,28.44,pre_flood,20.169999999999998,59.839999999999996
2017-03-23,Assam,26.2006,92.9376,1.08,24.76,pre_flood,20.52,53.739999999999995
2017-03-24,Assam,26.2006,92.9376,1.49,27.34,pre_flood,19.9,51.910000000000004
2017-03-25,Assam,26.2006,92.9376,1.02,23.59,pre_flood,15.93,51.18
2017-03-26,Assam,26.2006,92.9376,4.76,27.99,pre_flood,19.22,54.74
2017-03-27,Assam,26.2006,92.9376,1.31,27.07,pre_flood,16.869999999999997,55.809999999999995
2017-03-28,Assam,26.2006,92.9376,8.17,21.54,pre_flood,18.52,63.61
2017-03-29,Assam,26.2006,92.9376,3.83,23.84,pre_flood,21.660000000000004,67.11
2017-03-30,Assam,26.2006,92.9376,0.19,26.59,pre_flood,20.77,66.58
2017-03-31,Assam,26.2006,92.9376,2.67,28.58,pre_flood,21.950000000000003,69.14
2017-04-01,Assam,26.2006,92.9376,4.32,24.29,pre_flood,25.25,72.26
2017-04-02,Assam,26.2006,92.9376,10.4,22.91,pre_flood,30.89,80.75999999999999
2017-04-03,Assam,26.2006,92.9376,13.12,22.43,pre_flood,42.7,92.24
2017-04-04,Assam,26.2006,92.9376,14.18,20.63,pre_flood,48.71,105.59
2017-04-05,Assam,26.2006,92.9376,26.74,27.11,pre_flood,71.62,130.71
2017-04-06,Assam,26.2006,92.9376,4.59,26.17,pre_flood,76.02,134.98000000000002
2017-04-07,Assam,26.2006,92.9376,12.79,23.54,pre_flood,86.14,146.31
2017-04-08,Assam,26.2006,92.9376,9.0,18.69,pre_flood,90.82,153.59
2017-04-09,Assam,26.2006,92.9376,5.4,21.14,pre_flood,85.82,155.74
2017-04-10,Assam,26.2006,92.9376,2.6,22.53,pre_flood,75.3,157.52
2017-04-11,Assam,26.2006,92.9376,18.37,22.69,pre_flood,79.49,171.64000000000001
2017-04-12,Assam,26.2006,92.9376,23.23,25.55,pre_flood,75.98,192.01999999999998
2017-04-13,Assam,26.2006,92.9376,20.41,26.1,pre_flood,91.8,210.78
2017-04-14,Assam,26.2006,92.9376,28.31,22.67,pre_flood,107.32000000000001,238.14999999999998
2017-04-15,Assam,26.2006,92.9376,31.32,26.33,pre_flood,129.64000000000001,268.74
2017-04-16,Assam,26.2006,92.9376,13.99,27.51,pre_flood,138.23,280.62
2017-04-17,Assam,26.2006,92.9376,38.42,25.22,pre_flood,174.05,314.04999999999995
2017-04-18,Assam,26.2006,92.9376,9.2,25.36,pre_flood,164.88,321.78000000000003
2017-04-19,Assam,26.2006,92.9376,26.34,24.22,pre_flood,167.99,344.46
2017-04-20,Assam,26.2006,92.9376,10.35,25.93,pre_flood,157.92999999999998,348.29
2017-04-21,Assam,26.2006,92.9376,4.37,21.81,pre_flood,133.99,351.97
2017-04-22,Assam,26.2006,92.9376,7.19,22.38,pre_flood,109.86,358.08000000000004
2017-04-23,Assam,26.2006,92.9376,30.29,26.66,pre_flood,126.16,386.88
2017-04-24,Assam,26.2006,92.9376,19.83,23.71,pre_flood,107.57000000000001,405.69
2017-04-25,Assam,26.2006,92.9376,6.02,26.69,pre_flood,104.39,406.95
2017-04-26,Assam,26.2006,92.9376,28.67,21.57,pre_flood,106.72,434.30999999999995
2017-04-27,Assam,26.2006,92.9376,9.62,25.0,pre_flood,105.99000000000001,435.76
2017-04-28,Assam,26.2006,92.9376,15.69,27.58,pre_flood,117.31,447.61999999999995
2017-04-29,Assam,26.2006,92.9376,7.28,26.51,pre_flood,117.4,454.71
2017-04-30,Assam,26.2006,92.9376,38.4,20.56,pre_flood,125.50999999999999,490.44
2017-05-01,Assam,26.2006,92.9376,20.09,21.92,pre_flood,125.77,506.21000000000004
2017-05-02,Assam,26.2006,92.9376,7.67,29.71,pre_flood,127.42,503.47999999999996
2017-05-03,Assam,26.2006,92.9376,21.95,25.09,pre_flood,120.69999999999999,512.31
2017-05-04,Assam,26.2006,92.9376,13.42,29.3,pre_flood,124.49999999999999,511.54999999999995
2017-05-05,Assam,26.2006,92.9376,5.56,28.82,pre_flood,114.36999999999999,490.37
2017-05-06,Assam,26.2006,92.9376,19.49,27.42,pre_flood,126.57999999999998,505.27
2017-05-07,Assam,26.2006,92.9376,7.82,15.27,pre_flood,96.0,500.3
2017-05-08,Assam,26.2006,92.9376,34.7,24.16,pre_flood,110.61,526.0
2017-05-09,Assam,26.2006,92.9376,20.97,25.02,pre_flood,123.91,541.5699999999999
2017-05-10,Assam,26.2006,92.9376,31.53,23.44,pre_flood,133.49,570.5
2017-05-11,Assam,26.2006,92.9376,39.04,21.61,pre_flood,159.11,591.17
2017-05-12,Assam,26.2006,92.9376,40.66,26.78,pre_flood,194.21,608.5999999999999
2017-05-13,Assam,26.2006,92.9376,6.06,27.53,pre_flood,180.78,594.25
2017-05-14,Assam,26.2006,92.9376,16.49,23.23,pre_flood,189.45,582.4300000000001
2017-05-15,Assam,26.2006,92.9376,38.7,24.44,pre_flood,193.45000000000002,589.81
2017-05-16,Assam,26.2006,92.9376,10.49,30.2,pre_flood,182.97,586.31
2017-05-17,Assam,26.2006,92.9376,5.22,21.63,pre_flood,156.66,553.11
2017-05-18,Assam,26.2006,92.9376,19.01,21.53,pre_flood,136.63,562.92
2017-05-19,Assam,26.2006,92.9376,19.51,25.74,pre_flood,115.47999999999999,556.0899999999999
2017-05-20,Assam,26.2006,92.9376,29.37,23.21,pre_flood,138.79000000000002,575.11
2017-05-21,Assam,26.2006,92.9376,4.95,24.22,pre_flood,127.25,575.69
2017-05-22,Assam,26.2006,92.9376,30.08,28.69,pre_flood,118.63000000000001,598.5799999999999
2017-05-23,Assam,26.2006,92.9376,23.5,28.37,pre_flood,131.64,591.79
2017-05-24,Assam,26.2006,92.9376,11.85,21.73,pre_flood,138.27,583.81
2017-05-25,Assam,26.2006,92.9376,18.9,22.08,pre_flood,138.16,596.6899999999999
2017-05-26,Assam,26.2006,92.9376,1.77,27.61,pre_flood,120.42,569.7900000000001
2017-05-27,Assam,26.2006,92.9376,27.8,19.4,pre_flood,118.85,587.97
2017-05-28,Assam,26.2006,92.9376,17.82,26.81,pre_flood,131.72,590.0999999999999
2017-05-29,Assam,26.2006,92.9376,26.17,26.57,pre_flood,127.81,608.99
2017-05-30,Assam,26.2006,92.9376,1.43,22.04,pre_flood,105.74000000000001,572.02
2017-05-31,Assam,26.2006,92.9376,23.77,20.07,pre_flood,117.66000000000001,575.6999999999999
2017-06-01,Assam,26.2006,92.9376,37.77,29.66,pre_flood,136.53,605.8000000000001
2017-06-02,Assam,26.2006,92.9376,46.55,27.86,pre_flood,181.31,630.4
2017-06-03,Assam,26.2006,92.9376,17.1,28.87,pre_flood,170.61,634.08
2017-06-04,Assam,26.2006,92.9376,51.1,27.88,pre_flood,203.89000000000001,679.62
2017-06-05,Assam,26.2006,92.9376,93.44,27.44,pre_flood,271.15999999999997,753.5699999999999
2017-06-06,Assam,26.2006,92.9376,20.98,28.63,pre_flood,290.71,766.73
2017-06-07,Assam,26.2006,92.9376,12.18,30.55,pre_flood,279.12,744.2099999999999
2017-06-08,Assam,26.2006,92.9376,9.71,27.85,pre_flood,251.06,732.95
2017-06-09,Assam,26.2006,92.9376,23.06,26.87,pre_flood,227.57,724.48
2017-06-10,Assam,26.2006,92.9376,26.21,32.69,pre_flood,236.68,711.65
2017-06-11,Assam,26.2006,92.9376,50.32,26.1,pre_flood,235.9,721.3100000000001
2017-06-12,Assam,26.2006,92.9376,39.24,29.43,pre_flood,181.7,754.49
2017-06-13,Assam,26.2006,92.9376,43.94,25.86,pre_flood,204.66000000000003,781.9399999999999
2017-06-14,Assam,26.2006,92.9376,76.06,23.3,pre_flood,268.54,819.3000000000001
2017-06-15,Assam,26.2006,92.9376,78.39,25.54,pre_flood,337.22,887.2
2017-06-16,Assam,26.2006,92.9376,73.12,29.57,pre_flood,387.28000000000003,955.1
2017-06-17,Assam,26.2006,92.9376,49.71,29.79,pre_flood,410.78,985.8000000000001
2017-06-18,Assam,26.2006,92.9376,38.65,28.45,pre_flood,399.11,1004.94
2017-06-19,Assam,26.2006,92.9376,11.93,30.43,pre_flood,371.8,987.5
2017-06-20,Assam,26.2006,92.9376,35.54,27.09,pre_flood,363.4,1018.0899999999999
2017-06-21,Assam,26.2006,92.9376,138.93,29.69,pre_flood,426.27,1126.94
2017-06-22,Assam,26.2006,92.9376,49.03,30.58,pre_flood,396.90999999999997,1152.47
2017-06-23,Assam,26.2006,92.9376,17.15,26.43,pre_flood,340.94,1157.77
2017-06-24,Assam,26.2006,92.9376,44.88,27.74,pre_flood,336.11,1183.75
2017-06-25,Assam,26.2006,92.9376,14.34,29.73,pre_flood,311.79999999999995,1196.3200000000002
2017-06-26,Assam,26.2006,92.9376,96.65,28.68,pre_flood,396.52,1265.17
2017-06-27,Assam,26.2006,92.9376,33.36,26.03,pre_flood,394.34000000000003,1280.71
2017-06-28,Assam,26.2006,92.9376,104.19,28.26,pre_flood,359.6,1358.73
2017-06-29,Assam,26.2006,92.9376,22.04,27.85,pre_flood,332.61,1379.3400000000001
2017-06-30,Assam,26.2006,92.9376,22.79,25.4,pre_flood,338.25,1378.3600000000001
2017-07-01,Assam,26.2006,92.9376,48.53,27.97,flood,341.9,1389.1200000000001
2017-07-02,Assam,26.2006,92.9376,26.85,31.92,flood,354.41,1369.42
2017-07-03,Assam,26.2006,92.9376,176.88,29.21,flood,434.64,1529.2
2017-07-04,Assam,26.2006,92.9376,11.84,26.42,flood,413.11999999999995,1489.94
2017-07-05,Assam,26.2006,92.9376,36.75,26.91,flood,345.67999999999995,1433.25
2017-07-06,Assam,26.2006,92.9376,96.16,28.55,flood,419.8,1508.43
2017-07-07,Assam,26.2006,92.9376,38.72,28.3,flood,435.73,1534.97
2017-07-08,Assam,26.2006,92.9376,53.77,27.14,flood,440.97,1579.03
2017-07-09,Assam,26.2006,92.9376,35.2,33.22,flood,449.32,1591.17
2017-07-10,Assam,26.2006,92.9376,43.59,30.74,flood,316.03000000000003,1608.55
2017-07-11,Assam,26.2006,92.9376,62.96,26.63,flood,367.15000000000003,1621.19
2017-07-12,Assam,26.2006,92.9376,57.34,26.93,flood,387.74,1639.29
2017-07-13,Assam,26.2006,92.9376,131.38,27.55,flood,422.96000000000004,1726.73
2017-07-14,Assam,26.2006,92.9376,92.85,28.66,flood,477.09,1743.52
2017-07-15,Assam,26.2006,92.9376,26.45,24.88,flood,449.77,1691.5800000000002
2017-07-16,Assam,26.2006,92.9376,45.09,30.73,flood,459.66,1663.55
2017-07-17,Assam,26.2006,92.9376,37.2,25.83,flood,453.27,1651.04
2017-07-18,Assam,26.2006,92.9376,33.75,27.62,flood,424.06,1646.14
2017-07-19,Assam,26.2006,92.9376,142.7,28.05,flood,509.42,1776.91
2017-07-20,Assam,26.2006,92.9376,63.83,23.94,flood,441.86999999999995,1805.2
2017-07-21,Assam,26.2006,92.9376,209.37,28.14,flood,558.39,1875.6399999999999
2017-07-22,Assam,26.2006,92.9376,107.91,29.06,flood,639.8499999999999,1934.52
2017-07-23,Assam,26.2006,92.9376,23.98,28.53,flood,618.74,1941.35
2017-07-24,Assam,26.2006,92.9376,43.71,28.14,flood,625.25,1940.18
2017-07-25,Assam,26.2006,92.9376,37.33,27.01,flood,628.8299999999999,1963.1699999999998
2017-07-26,Assam,26.2006,92.9376,55.96,27.98,flood,542.09,1922.48
2017-07-27,Assam,26.2006,92.9376,49.43,27.68,flood,527.69,1938.55
2017-07-28,Assam,26.2006,92.9376,137.05,28.74,flood,455.37,1971.41
2017-07-29,Assam,26.2006,92.9376,95.72,25.12,flood,443.18000000000006,2045.09
2017-07-30,Assam,26.2006,92.9376,30.18,28.93,flood,449.38,2052.48
2017-07-31,Assam,26.2006,92.9376,39.4,28.56,flood,445.07,2043.35
2017-08-01,Assam,26.2006,92.9376,121.94,28.86,flood,529.68,2138.44
2017-08-02,Assam,26.2006,92.9376,192.35,30.31,flood,666.0699999999999,2153.91
2017-08-03,Assam,26.2006,92.9376,39.04,24.91,flood,655.68,2181.1099999999997
2017-08-04,Assam,26.2006,92.9376,15.15,26.84,flood,533.78,2159.5099999999998
2017-08-05,Assam,26.2006,92.9376,27.83,30.02,flood,465.88999999999993,2091.18
2017-08-06,Assam,26.2006,92.9376,24.35,24.54,flood,460.06,2076.81
2017-08-07,Assam,26.2006,92.9376,64.07,27.88,flood,484.72999999999996,2087.1099999999997
2017-08-08,Assam,26.2006,92.9376,19.55,28.43,flood,382.34,2071.46
2017-08-09,Assam,26.2006,92.9376,34.62,24.5,flood,224.61,2062.49
2017-08-10,Assam,26.2006,92.9376,65.52,30.23,flood,251.09,2065.0499999999997
2017-08-11,Assam,26.2006,92.9376,116.64,28.95,flood,352.58,2124.35
2017-08-12,Assam,26.2006,92.9376,25.47,28.23,flood,350.22,2018.4399999999998
2017-08-13,Assam,26.2006,92.9376,63.39,25.84,flood,389.26,1988.98
2017-08-14,Assam,26.2006,92.9376,100.52,28.77,flood,425.71,2063.0499999999997
2017-08-15,Assam,26.2006,92.9376,64.09,27.11,flood,470.25,2082.05
2017-08-16,Assam,26.2006,92.9376,33.38,25.97,flood,469.01,2078.23
2017-08-17,Assam,26.2006,92.9376,59.2,30.21,flood,462.69,2103.68
2017-08-18,Assam,26.2006,92.9376,131.97,27.52,flood,478.02,2092.95
2017-08-19,Assam,26.2006,92.9376,25.17,29.77,flood,477.71999999999997,2054.29
2017-08-20,Assam,26.2006,92.9376,77.7,28.76,flood,492.03,1922.6200000000001
2017-08-21,Assam,26.2006,92.9376,168.96,27.18,flood,560.47,1983.67
2017-08-22,Assam,26.2006,92.9376,26.58,29.53,flood,522.96,1986.27
2017-08-23,Assam,26.2006,92.9376,87.29,27.5,flood,576.87,2029.85
2017-08-24,Assam,26.2006,92.9376,56.93,30.23,flood,574.5999999999999,2049.45
2017-08-25,Assam,26.2006,92.9376,12.72,26.56,flood,455.35,2006.21
2017-08-26,Assam,26.2006,92.9376,28.18,26.3,flood,458.36,1984.96
2017-08-27,Assam,26.2006,92.9376,41.72,27.98,flood,422.38,1889.6299999999999
2017-08-28,Assam,26.2006,92.9376,232.96,27.92,flood,486.38,2026.87
2017-08-29,Assam,26.2006,92.9376,42.36,28.73,flood,502.16,2039.05
2017-08-30,Assam,26.2006,92.9376,31.11,29.11,flood,445.98,2030.76
2017-08-31,Assam,26.2006,92.9376,32.84,29.59,flood,421.89,1941.6599999999999
2017-09-01,Assam,26.2006,92.9376,5.22,26.39,flood,414.39000000000004,1754.53
2017-09-02,Assam,26.2006,92.9376,13.92,22.12,flood,400.13,1729.41
2017-09-03,Assam,26.2006,92.9376,4.07,27.9,flood,362.47999999999996,1718.33
2017-09-04,Assam,26.2006,92.9376,28.33,29.7,flood,157.85,1718.8300000000002
2017-09-05,Assam,26.2006,92.9376,13.58,25.85,flood,129.07,1708.06
2017-09-06,Assam,26.2006,92.9376,101.16,30.77,flood,199.12,1745.15
2017-09-07,Assam,26.2006,92.9376,27.32,21.23,flood,193.6,1752.92
2017-09-08,Assam,26.2006,92.9376,7.01,27.25,flood,195.39000000000001,1725.31
2017-09-09,Assam,26.2006,92.9376,7.5,23.62,flood,188.97000000000003,1667.29
2017-09-10,Assam,26.2006,92.9376,1.21,28.02,flood,186.10999999999999,1551.8600000000001
2017-09-11,Assam,26.2006,92.9376,19.88,27.01,flood,177.66,1546.27
2017-09-12,Assam,26.2006,92.9376,9.42,26.58,flood,173.5,1492.3
2017-09-13,Assam,26.2006,92.9376,14.95,28.94,flood,87.28999999999999,1406.73
2017-09-14,Assam,26.2006,92.9376,6.47,22.71,flood,66.44,1349.1100000000001
2017-09-15,Assam,26.2006,92.9376,16.36,19.28,flood,75.78999999999999,1332.09
2017-09-16,Assam,26.2006,92.9376,68.68,22.05,flood,136.97,1341.57
2017-09-17,Assam,26.2006,92.9376,70.52,25.46,flood,206.27999999999997,1280.1200000000001
2017-09-18,Assam,26.2006,92.9376,12.15,20.6,flood,198.54999999999998,1267.1000000000001
2017-09-19,Assam,26.2006,92.9376,16.18,27.98,flood,205.31,1205.58
2017-09-20,Assam,26.2006,92.9376,19.43,25.76,flood,209.79,1056.05
2017-09-21,Assam,26.2006,92.9376,125.32,28.59,flood,328.64,1154.79
2017-09-22,Assam,26.2006,92.9376,12.26,23.7,flood,324.53999999999996,1079.76
2017-09-23,Assam,26.2006,92.9376,12.27,24.87,flood,268.13,1035.1
2017-09-24,Assam,26.2006,92.9376,11.66,20.48,flood,209.27,1034.04
2017-09-25,Assam,26.2006,92.9376,20.74,21.67,flood,217.86,1026.6
2017-09-26,Assam,26.2006,92.9376,25.62,25.83,flood,227.3,1010.5
2017-09-27,Assam,26.2006,92.9376,158.67,29.05,flood,366.53999999999996,936.2099999999999
2017-09-28,Assam,26.2006,92.9376,12.78,24.31,flood,254.0,906.63
2017-09-29,Assam,26.2006,92.9376,10.55,28.99,flood,252.29000000000002,886.07
2017-09-30,Assam,26.2006,92.9376,11.85,29.36,flood,251.87,865.08
2017-10-01,Assam,26.2006,92.9376,0.52,23.38,flood,240.73,860.38
2017-10-02,Assam,26.2006,92.9376,0.91,25.32,flood,220.9,847.37
2017-10-03,Assam,26.2006,92.9376,1.46,24.33,flood,196.73999999999998,844.76
2017-10-04,Assam,26.2006,92.9376,151.95,23.4,flood,190.01999999999998,968.38
2017-10-05,Assam,26.2006,92.9376,125.63,28.75,flood,302.87,1080.43
2017-10-06,Assam,26.2006,92.9376,1.3,26.34,flood,293.61999999999995,980.57
2017-10-07,Assam,26.2006,92.9376,0.08,22.92,flood,281.85,953.3299999999999
2017-10-08,Assam,26.2006,92.9376,2.61,23.36,flood,283.93999999999994,948.93
2017-10-09,Assam,26.2006,92.9376,7.99,23.26,flood,291.02,949.42
2017-10-10,Assam,26.2006,92.9376,3.83,33.09,flood,293.38999999999993,952.04
2017-10-11,Assam,26.2006,92.9376,56.66,19.83,flood,198.1,988.8199999999999
2017-10-12,Assam,26.2006,92.9376,0.5,21.65,flood,72.97,979.9
2017-10-13,Assam,26.2006,92.9376,2.7,26.59,flood,74.37,967.65
2017-10-14,Assam,26.2006,92.9376,1.25,24.23,flood,75.54,962.4300000000001
2017-10-15,Assam,26.2006,92.9376,1.37,23.83,flood,74.30000000000001,947.44
2017-10-16,Assam,26.2006,92.9376,0.36,22.81,flood,66.67,879.1199999999999
2017-10-17,Assam,26.2006,92.9376,3.64,31.13,flood,66.47999999999999,812.24
2017-10-18,Assam,26.2006,92.9376,3.36,29.51,flood,13.18,803.4499999999999
2017-10-19,Assam,26.2006,92.9376,1.06,22.52,flood,13.74,788.33
2017-10-20,Assam,26.2006,92.9376,2.11,20.3,flood,13.149999999999999,771.01
2017-10-21,Assam,26.2006,92.9376,2.83,29.69,flood,14.729999999999999,648.52
2017-10-22,Assam,26.2006,92.9376,71.57,24.84,flood,84.92999999999999,707.8299999999999
2017-10-23,Assam,26.2006,92.9376,3.07,26.68,flood,87.63999999999999,698.63
2017-10-24,Assam,26.2006,92.9376,0.76,21.21,flood,84.75999999999999,687.73
2017-10-25,Assam,26.2006,92.9376,3.82,24.98,flood,85.22,670.81
2017-10-26,Assam,26.2006,92.9376,8.18,23.69,flood,92.33999999999999,653.37
2017-10-27,Assam,26.2006,92.9376,16.07,22.7,flood,106.29999999999998,510.77
2017-10-28,Assam,26.2006,92.9376,5.31,24.43,flood,108.77999999999999,503.29999999999995
2017-10-29,Assam,26.2006,92.9376,67.87,29.0,flood,105.08,560.62
2017-10-30,Assam,26.2006,92.9376,0.15,20.43,flood,102.16000000000001,548.92
2017-10-31,Assam,26.2006,92.9376,1.57,25.04,flood,102.97,549.9699999999999
2017-11-01,Assam,26.2006,92.9376,2.56,26.13,flood,101.71,551.62
2017-11-02,Assam,26.2006,92.9376,0.44,22.99,flood,93.97,550.5999999999999
2017-11-03,Assam,26.2006,92.9376,0.7,25.07,flood,78.60000000000001,399.35
2017-11-04,Assam,26.2006,92.9376,1.52,21.91,flood,74.81,275.24
2017-11-05,Assam,26.2006,92.9376,0.93,23.73,flood,7.87,274.87
2017-11-06,Assam,26.2006,92.9376,0.52,28.53,flood,8.24,275.30999999999995
2017-11-07,Assam,26.2006,92.9376,10.77,21.9,flood,17.44,283.47
2017-11-08,Assam,26.2006,92.9376,1.03,21.25,flood,15.91,276.51
2017-11-09,Assam,26.2006,92.9376,1.73,25.61,flood,17.200000000000003,274.41
2017-11-10,Assam,26.2006,92.9376,0.38,23.97,flood,16.880000000000003,218.13
2017-11-11,Assam,26.2006,92.9376,0.63,24.19,flood,15.99,218.26
2017-11-12,Assam,26.2006,92.9376,3.68,23.26,flood,18.740000000000002,219.24
2017-11-13,Assam,26.2006,92.9376,2.13,20.54,flood,20.35,220.12
2017-11-14,Assam,26.2006,92.9376,139.39,25.94,flood,148.97,358.14
2017-11-15,Assam,26.2006,92.9376,3.25,23.3,flood,151.19,361.03
2017-11-16,Assam,26.2006,92.9376,0.71,22.9,flood,150.17000000000002,358.09999999999997
2017-11-17,Assam,26.2006,92.9376,1.07,22.8,flood,150.86,355.80999999999995
2017-11-18,Assam,26.2006,92.9376,100.51,25.43,flood,250.74,455.26
2017-11-19,Assam,26.2006,92.9376,5.41,24.14,flood,252.47000000000003,458.55999999999995
2017-11-20,Assam,26.2006,92.9376,2.9,20.78,flood,253.23999999999998,458.63
2017-11-21,Assam,26.2006,92.9376,3.18,24.24,flood,117.03,390.24
2017-11-22,Assam,26.2006,92.9376,10.99,26.49,flood,124.77000000000001,398.15999999999997
2017-11-23,Assam,26.2006,92.9376,5.6,24.5,flood,129.66000000000003,403.0
2017-11-24,Assam,26.2006,92.9376,0.09,26.32,flood,128.68,399.27
2017-11-25,Assam,26.2006,92.9376,1.39,22.23,flood,29.56,392.48
2017-11-26,Assam,26.2006,92.9376,0.51,26.3,flood,24.66,376.92
2017-11-27,Assam,26.2006,92.9376,0.86,29.62,flood,22.62,372.47
2017-11-28,Assam,26.2006,92.9376,64.08,28.64,flood,83.52,368.68
2017-11-29,Assam,26.2006,92.9376,1.81,21.43,flood,74.34,370.34
2017-11-30,Assam,26.2006,92.9376,1.67,30.22,flood,70.41,370.44
2017-12-01,Assam,26.2006,92.9376,5.22,17.27,flood,75.54,373.09999999999997
2017-12-02,Assam,26.2006,92.9376,2.17,18.22,flood,76.32000000000001,374.83
2017-12-03,Assam,26.2006,92.9376,4.67,21.09,flood,80.47999999999999,378.8
2017-12-04,Assam,26.2006,92.9376,0.33,15.23,flood,79.95,377.61
2017-12-05,Assam,26.2006,92.9376,3.29,17.17,flood,19.16,379.97
2017-12-06,Assam,26.2006,92.9376,2.98,18.04,flood,20.330000000000002,382.43
2017-12-07,Assam,26.2006,92.9376,0.97,12.31,flood,19.63,372.63
2017-12-08,Assam,26.2006,92.9376,8.45,17.97,flood,22.86,380.05
2017-12-09,Assam,26.2006,92.9376,101.44,14.75,flood,122.13,479.76
2017-12-10,Assam,26.2006,92.9376,1.98,16.68,flood,119.44,481.36
2017-12-11,Assam,26.2006,92.9376,4.93,14.73,flood,124.03999999999999,485.66
2017-12-12,Assam,26.2006,92.9376,67.51,15.82,flood,188.26,549.49
2017-12-13,Assam,26.2006,92.9376,7.98,18.95,flood,193.26,555.34
2017-12-14,Assam,26.2006,92.9376,64.78,19.63,flood,257.07,480.73
2017-12-15,Assam,26.2006,92.9376,0.76,16.93,flood,249.38,478.24
2017-12-16,Assam,26.2006,92.9376,8.0,20.78,flood,155.94,485.53000000000003
2017-12-17,Assam,26.2006,92.9376,0.48,18.13,flood,154.44000000000003,484.94000000000005
2017-12-18,Assam,26.2006,92.9376,0.81,17.7,flood,150.32000000000002,385.24
2017-12-19,Assam,26.2006,92.9376,0.03,20.11,flood,82.84,379.86
2017-12-20,Assam,26.2006,92.9376,0.43,17.16,flood,75.29,377.39
2017-12-21,Assam,26.2006,92.9376,0.9,19.71,flood,11.41,375.11
2017-12-22,Assam,26.2006,92.9376,64.9,17.98,flood,75.55000000000001,429.02000000000004
2017-12-23,Assam,26.2006,92.9376,3.98,19.87,flood,71.53000000000002,427.40000000000003
2017-12-24,Assam,26.2006,92.9376,0.28,18.09,flood,71.33000000000001,427.59000000000003
2017-12-25,Assam,26.2006,92.9376,4.78,19.96,flood,75.30000000000001,430.98
2017-12-26,Assam,26.2006,92.9376,97.18,15.57,flood,172.45000000000005,527.65
2017-12-27,Assam,26.2006,92.9376,9.55,17.08,flood,181.57000000000002,536.34
2017-12-28,Assam,26.2006,92.9376,0.8,20.89,flood,181.47000000000003,473.06
2017-12-29,Assam,26.2006,92.9376,74.0,19.06,flood,190.57,545.25
2017-12-30,Assam,26.2006,92.9376,2.41,19.6,flood,189.00000000000003,545.99
2017-12-31,Assam,26.2006,92.9376,0.23,17.32,flood,188.95000000000002,541.0
2017-01-01,Mumbai,19.076,72.8777,0.0,25.48,pre_flood,0.0,0.0
2017-01-02,Mumbai,19.076,72.8777,0.21,28.8,pre_flood,0.21,0.21
2017-01-03,Mumbai,19.076,72.8777,0.0,24.95,pre_flood,0.21,0.21
2017-01-04,Mumbai,19.076,72.8777,0.01,28.26,pre_flood,0.22,0.22
2017-01-05,Mumbai,19.076,72.8777,0.34,29.15,pre_flood,0.56,0.56
2017-01-06,Mumbai,19.076,72.8777,0.42,25.24,pre_flood,0.98,0.98
2017-01-07,Mumbai,19.076,72.8777,0.0,24.16,pre_flood,0.98,0.98
2017-01-08,Mumbai,19.076,72.8777,0.48,26.62,pre_flood,1.46,1.46
2017-01-09,Mumbai,19.076,72.8777,3.27,27.92,pre_flood,4.52,4.73
2017-01-10,Mumbai,19.076,72.8777,0.27,25.17,pre_flood,4.79,5.0
2017-01-11,Mumbai,19.076,72.8777,2.48,27.02,pre_flood,7.26,7.48
2017-01-12,Mumbai,19.076,72.8777,0.85,28.05,pre_flood,7.7700000000000005,8.33
2017-01-13,Mumbai,19.076,72.8777,3.31,28.67,pre_flood,10.66,11.64
2017-01-14,Mumbai,19.076,72.8777,0.01,26.06,pre_flood,10.67,11.65
2017-01-15,Mumbai,19.076,72.8777,0.12,25.43,pre_flood,10.31,11.77
2017-01-16,Mumbai,19.076,72.8777,1.01,28.27,pre_flood,8.049999999999999,12.78
2017-01-17,Mumbai,19.076,72.8777,0.27,26.01,pre_flood,8.05,13.05
2017-01-18,Mumbai,19.076,72.8777,0.01,26.37,pre_flood,5.579999999999999,13.06
2017-01-19,Mumbai,19.076,72.8777,0.17,26.94,pre_flood,4.9,13.23
2017-01-20,Mumbai,19.076,72.8777,0.02,28.03,pre_flood,1.6099999999999999,13.25
2017-01-21,Mumbai,19.076,72.8777,0.17,26.07,pre_flood,1.77,13.42
2017-01-22,Mumbai,19.076,72.8777,0.07,25.0,pre_flood,1.72,13.49
2017-01-23,Mumbai,19.076,72.8777,0.0,22.37,pre_flood,0.7100000000000001,13.49
2017-01-24,Mumbai,19.076,72.8777,0.06,25.39,pre_flood,0.5,13.55
2017-01-25,Mumbai,19.076,72.8777,1.94,27.8,pre_flood,2.4299999999999997,15.49
2017-01-26,Mumbai,19.076,72.8777,0.06,26.5,pre_flood,2.32,15.55
2017-01-27,Mumbai,19.076,72.8777,0.03,27.82,pre_flood,2.33,15.58
2017-01-28,Mumbai,19.076,72.8777,2.19,29.15,pre_flood,4.35,17.77
2017-01-29,Mumbai,19.076,72.8777,0.87,28.86,pre_flood,5.1499999999999995,18.64
2017-01-30,Mumbai,19.076,72.8777,0.08,27.16,pre_flood,5.2299999999999995,18.72
2017-01-31,Mumbai,19.076,72.8777,0.03,27.98,pre_flood,5.2,18.75
2017-02-01,Mumbai,19.076,72.8777,0.34,26.57,pre_flood,3.5999999999999996,18.88
2017-02-02,Mumbai,19.076,72.8777,0.34,25.1,pre_flood,3.8800000000000003,19.22
2017-02-03,Mumbai,19.076,72.8777,4.82,26.08,pre_flood,8.67,24.03
2017-02-04,Mumbai,19.076,72.8777,2.54,28.25,pre_flood,9.02,26.23
2017-02-05,Mumbai,19.076,72.8777,2.55,28.39,pre_flood,10.7,28.36
2017-02-06,Mumbai,19.076,72.8777,0.02,25.78,pre_flood,10.639999999999999,28.38
2017-02-07,Mumbai,19.076,72.8777,2.55,26.83,pre_flood,13.16,30.45
2017-02-08,Mumbai,19.076,72.8777,0.07,25.13,pre_flood,12.89,27.25
2017-02-09,Mumbai,19.076,72.8777,0.01,24.92,pre_flood,12.56,26.99
2017-02-10,Mumbai,19.076,72.8777,0.12,31.01,pre_flood,7.859999999999999,24.63
2017-02-11,Mumbai,19.076,72.8777,0.01,23.45,pre_flood,5.33,23.790000000000003
2017-02-12,Mumbai,19.076,72.8777,0.13,24.07,pre_flood,2.9099999999999997,20.61
2017-02-13,Mumbai,19.076,72.8777,1.26,29.75,pre_flood,4.15,21.86
2017-02-14,Mumbai,19.076,72.8777,0.28,27.44,pre_flood,1.8800000000000001,22.02
2017-02-15,Mumbai,19.076,72.8777,0.01,29.14,pre_flood,1.82,21.02
2017-02-16,Mumbai,19.076,72.8777,0.01,29.58,pre_flood,1.82,20.759999999999998
2017-02-17,Mumbai,19.076,72.8777,0.22,27.75,pre_flood,1.9200000000000002,20.970000000000002
2017-02-18,Mumbai,19.076,72.8777,0.79,26.74,pre_flood,2.7,21.59
2017-02-19,Mumbai,19.076,72.8777,1.94,27.32,pre_flood,4.51,23.509999999999998
2017-02-20,Mumbai,19.076,72.8777,0.01,28.22,pre_flood,3.26,23.349999999999998
2017-02-21,Mumbai,19.076,72.8777,0.91,27.67,pre_flood,3.8899999999999997,24.19
2017-02-22,Mumbai,19.076,72.8777,0.49,28.33,pre_flood,4.37,24.68
2017-02-23,Mumbai,19.076,72.8777,0.05,28.68,pre_flood,4.41,24.669999999999998
2017-02-24,Mumbai,19.076,72.8777,0.22,25.09,pre_flood,4.409999999999999,22.950000000000003
2017-02-25,Mumbai,19.076,72.8777,0.09,26.4,pre_flood,3.71,22.98
2017-02-26,Mumbai,19.076,72.8777,0.07,25.14,pre_flood,1.84,23.020000000000003
2017-02-27,Mumbai,19.076,72.8777,0.19,26.0,pre_flood,2.02,21.02
2017-02-28,Mumbai,19.076,72.8777,3.33,24.04,pre_flood,4.4399999999999995,23.48
2017-03-01,Mumbai,19.076,72.8777,0.77,27.53,pre_flood,4.720000000000001,24.17
2017-03-02,Mumbai,19.076,72.8777,0.1,27.88,pre_flood,4.7700000000000005,24.24
2017-03-03,Mumbai,19.076,72.8777,2.42,28.18,pre_flood,6.97,26.32
2017-03-04,Mumbai,19.076,72.8777,0.0,27.82,pre_flood,6.88,25.98
2017-03-05,Mumbai,19.076,72.8777,0.02,26.69,pre_flood,6.83,21.18
2017-03-06,Mumbai,19.076,72.8777,4.23,31.22,pre_flood,10.870000000000001,22.87
2017-03-07,Mumbai,19.076,72.8777,2.99,23.68,pre_flood,10.530000000000001,23.310000000000002
2017-03-08,Mumbai,19.076,72.8777,1.39,26.55,pre_flood,11.15,24.68
2017-03-09,Mumbai,19.076,72.8777,0.76,26.62,pre_flood,11.81,22.89
2017-03-10,Mumbai,19.076,72.8777,0.14,25.22,pre_flood,9.530000000000001,22.96
2017-03-11,Mumbai,19.076,72.8777,1.03,27.67,pre_flood,10.56,23.98
2017-03-12,Mumbai,19.076,72.8777,0.1,26.51,pre_flood,10.639999999999999,23.96
2017-03-13,Mumbai,19.076,72.8777,0.49,22.45,pre_flood,6.9,24.439999999999998
2017-03-14,Mumbai,19.076,72.8777,0.66,22.92,pre_flood,4.57,24.97
2017-03-15,Mumbai,19.076,72.8777,0.21,30.22,pre_flood,3.39,23.92
2017-03-16,Mumbai,19.076,72.8777,2.71,26.92,pre_flood,5.34,26.35
2017-03-17,Mumbai,19.076,72.8777,0.09,26.66,pre_flood,5.29,26.43
2017-03-18,Mumbai,19.076,72.8777,0.15,25.76,pre_flood,4.41,26.57
2017-03-19,Mumbai,19.076,72.8777,0.42,25.66,pre_flood,4.73,26.77
2017-03-20,Mumbai,19.076,72.8777,0.07,27.32,pre_flood,4.3100000000000005,26.05
2017-03-21,Mumbai,19.076,72.8777,0.01,28.36,pre_flood,3.6599999999999997,24.119999999999997
2017-03-22,Mumbai,19.076,72.8777,0.19,25.24,pre_flood,3.64,24.3
2017-03-23,Mumbai,19.076,72.8777,0.98,29.4,pre_flood,1.91,24.37
2017-03-24,Mumbai,19.076,72.8777,0.69,23.72,pre_flood,2.51,24.57
2017-03-25,Mumbai,19.076,72.8777,0.17,26.12,pre_flood,2.53,24.69
2017-03-26,Mumbai,19.076,72.8777,0.51,25.61,pre_flood,2.62,24.98
2017-03-27,Mumbai,19.076,72.8777,7.46,27.15,pre_flood,10.01,32.35
2017-03-28,Mumbai,19.076,72.8777,0.02,28.73,pre_flood,10.02,32.3
2017-03-29,Mumbai,19.076,72.8777,0.13,28.33,pre_flood,9.96,32.24
2017-03-30,Mumbai,19.076,72.8777,1.0,27.45,pre_flood,9.98,29.91
2017-03-31,Mumbai,19.076,72.8777,0.34,26.66,pre_flood,9.63,29.48
2017-04-01,Mumbai,19.076,72.8777,0.25,31.58,pre_flood,9.71,29.630000000000003
2017-04-02,Mumbai,19.076,72.8777,0.06,31.51,pre_flood,9.260000000000002,27.27
2017-04-03,Mumbai,19.076,72.8777,1.79,29.77,pre_flood,3.59,29.06
2017-04-04,Mumbai,19.076,72.8777,1.18,33.67,pre_flood,4.75,30.22
2017-04-05,Mumbai,19.076,72.8777,1.09,35.68,pre_flood,5.71,27.08
2017-04-06,Mumbai,19.076,72.8777,0.16,28.25,pre_flood,4.87,24.249999999999996
2017-04-07,Mumbai,19.076,72.8777,0.11,32.5,pre_flood,4.640000000000001,22.970000000000002
2017-04-08,Mumbai,19.076,72.8777,0.24,33.13,pre_flood,4.630000000000001,22.45
2017-04-09,Mumbai,19.076,72.8777,0.09,35.32,pre_flood,4.66,22.4
2017-04-10,Mumbai,19.076,72.8777,0.77,32.39,pre_flood,3.64,22.14
2017-04-11,Mumbai,19.076,72.8777,1.42,31.56,pre_flood,3.88,23.46
2017-04-12,Mumbai,19.076,72.8777,0.06,34.54,pre_flood,2.85,23.03
2017-04-13,Mumbai,19.076,72.8777,0.07,35.61,pre_flood,2.76,22.44
2017-04-14,Mumbai,19.076,72.8777,5.1,30.49,pre_flood,7.75,27.33
2017-04-15,Mumbai,19.076,72.8777,0.23,33.85,pre_flood,7.74,24.849999999999998
2017-04-16,Mumbai,19.076,72.8777,0.1,32.49,pre_flood,7.75,24.86
2017-04-17,Mumbai,19.076,72.8777,0.39,32.67,pre_flood,7.37,25.1
2017-04-18,Mumbai,19.076,72.8777,0.01,32.53,pre_flood,5.96,24.689999999999998
2017-04-19,Mumbai,19.076,72.8777,0.05,35.21,pre_flood,5.95,24.669999999999998
2017-04-20,Mumbai,19.076,72.8777,0.7,30.26,pre_flood,6.58,25.36
2017-04-21,Mumbai,19.076,72.8777,0.39,31.73,pre_flood,1.87,25.56
2017-04-22,Mumbai,19.076,72.8777,0.33,31.41,pre_flood,1.97,24.91
2017-04-23,Mumbai,19.076,72.8777,2.14,30.9,pre_flood,4.01,26.360000000000003
2017-04-24,Mumbai,19.076,72.8777,0.08,32.25,pre_flood,3.7,26.27
2017-04-25,Mumbai,19.076,72.8777,4.35,32.31,pre_flood,8.04,30.11
2017-04-26,Mumbai,19.076,72.8777,2.38,32.29,pre_flood,10.370000000000001,25.03
2017-04-27,Mumbai,19.076,72.8777,0.1,29.88,pre_flood,9.770000000000001,25.11
2017-04-28,Mumbai,19.076,72.8777,0.41,28.27,pre_flood,9.790000000000001,25.389999999999997
2017-04-29,Mumbai,19.076,72.8777,0.5,32.58,pre_flood,9.96,24.889999999999997
2017-04-30,Mumbai,19.076,72.8777,0.01,29.14,pre_flood,7.829999999999999,24.56
2017-05-01,Mumbai,19.076,72.8777,0.76,30.73,pre_flood,8.51,25.069999999999997
2017-05-02,Mumbai,19.076,72.8777,0.37,31.93,pre_flood,4.53,25.38
2017-05-03,Mumbai,19.076,72.8777,1.22,30.55,pre_flood,3.37,24.810000000000002
2017-05-04,Mumbai,19.076,72.8777,0.5,26.71,pre_flood,3.77,24.130000000000003
2017-05-05,Mumbai,19.076,72.8777,0.51,31.38,pre_flood,3.87,23.55
2017-05-06,Mumbai,19.076,72.8777,1.0,37.09,pre_flood,4.37,24.39
2017-05-07,Mumbai,19.076,72.8777,0.0,30.55,pre_flood,4.36,24.279999999999998
2017-05-08,Mumbai,19.076,72.8777,0.43,29.91,pre_flood,4.03,24.47
2017-05-09,Mumbai,19.076,72.8777,0.65,30.42,pre_flood,4.3100000000000005,25.03
2017-05-10,Mumbai,19.076,72.8777,0.0,29.69,pre_flood,3.09,24.26
2017-05-11,Mumbai,19.076,72.8777,1.65,33.03,pre_flood,4.24,24.49
2017-05-12,Mumbai,19.076,72.8777,2.93,35.15,pre_flood,6.66,27.36
2017-05-13,Mumbai,19.076,72.8777,5.52,34.64,pre_flood,11.18,32.81
2017-05-14,Mumbai,19.076,72.8777,0.22,29.2,pre_flood,11.4,27.929999999999996
2017-05-15,Mumbai,19.076,72.8777,0.05,37.49,pre_flood,11.02,27.75
2017-05-16,Mumbai,19.076,72.8777,0.32,32.37,pre_flood,10.69,27.97
2017-05-17,Mumbai,19.076,72.8777,0.8,30.02,pre_flood,11.49,28.38
2017-05-18,Mumbai,19.076,72.8777,0.08,33.06,pre_flood,9.92,28.45
2017-05-19,Mumbai,19.076,72.8777,4.57,33.23,pre_flood,11.559999999999999,32.97
2017-05-20,Mumbai,19.076,72.8777,0.44,29.95,pre_flood,6.48,32.709999999999994
2017-05-21,Mumbai,19.076,72.8777,0.29,32.96,pre_flood,6.550000000000001,32.61
2017-05-22,Mumbai,19.076,72.8777,0.0,34.42,pre_flood,6.5,32.28
2017-05-23,Mumbai,19.076,72.8777,1.81,29.52,pre_flood,7.99,31.949999999999996
2017-05-24,Mumbai,19.076,72.8777,1.29,34.3,pre_flood,8.48,33.16
2017-05-25,Mumbai,19.076,72.8777,0.36,33.44,pre_flood,8.76,29.169999999999998
2017-05-26,Mumbai,19.076,72.8777,3.1,34.47,pre_flood,7.29,29.89
2017-05-27,Mumbai,19.076,72.8777,0.26,32.3,pre_flood,7.109999999999999,30.05
2017-05-28,Mumbai,19.076,72.8777,0.69,28.47,pre_flood,7.510000000000001,30.330000000000002
2017-05-29,Mumbai,19.076,72.8777,5.59,29.98,pre_flood,13.1,35.42
2017-05-30,Mumbai,19.076,72.8777,0.25,33.32,pre_flood,11.54,35.660000000000004
2017-05-31,Mumbai,19.076,72.8777,0.12,34.76,pre_flood,10.37,35.019999999999996
2017-06-01,Mumbai,19.076,72.8777,40.43,27.71,pre_flood,50.44,75.08
2017-06-02,Mumbai,19.076,72.8777,89.44,26.19,pre_flood,136.78,163.3
2017-06-03,Mumbai,19.076,72.8777,25.39,27.07,pre_flood,161.91000000000003,188.19
2017-06-04,Mumbai,19.076,72.8777,148.21,28.15,pre_flood,309.43,335.89
2017-06-05,Mumbai,19.076,72.8777,46.95,26.55,pre_flood,350.78999999999996,381.84000000000003
2017-06-06,Mumbai,19.076,72.8777,137.99,27.33,pre_flood,488.53,519.83
2017-06-07,Mumbai,19.076,72.8777,69.0,28.18,pre_flood,557.41,588.4
2017-06-08,Mumbai,19.076,72.8777,64.91,28.15,pre_flood,581.89,652.66
2017-06-09,Mumbai,19.076,72.8777,139.87,28.75,pre_flood,632.3199999999999,792.53
2017-06-10,Mumbai,19.076,72.8777,49.95,28.44,pre_flood,656.88,840.83
2017-06-11,Mumbai,19.076,72.8777,52.35,31.31,pre_flood,561.02,890.2500000000001
2017-06-12,Mumbai,19.076,72.8777,103.71,26.87,pre_flood,617.78,988.4399999999999
2017-06-13,Mumbai,19.076,72.8777,47.28,28.08,pre_flood,527.0699999999999,1035.5
2017-06-14,Mumbai,19.076,72.8777,217.22,25.04,pre_flood,675.29,1252.67
2017-06-15,Mumbai,19.076,72.8777,72.01,28.95,pre_flood,682.39,1324.36
2017-06-16,Mumbai,19.076,72.8777,36.31,27.48,pre_flood,578.83,1359.87
2017-06-17,Mumbai,19.076,72.8777,107.16,29.72,pre_flood,636.04,1466.95
2017-06-18,Mumbai,19.076,72.8777,51.25,27.11,pre_flood,634.9399999999999,1513.63
2017-06-19,Mumbai,19.076,72.8777,239.58,27.12,pre_flood,770.8100000000001,1752.77
2017-06-20,Mumbai,19.076,72.8777,93.15,28.06,pre_flood,816.68,1845.63
2017-06-21,Mumbai,19.076,72.8777,54.59,27.98,pre_flood,654.0500000000001,1900.2200000000003
2017-06-22,Mumbai,19.076,72.8777,83.46,28.23,pre_flood,665.5000000000001,1981.87
2017-06-23,Mumbai,19.076,72.8777,240.64,30.88,pre_flood,869.8299999999999,2221.22
2017-06-24,Mumbai,19.076,72.8777,29.53,29.31,pre_flood,792.2,2250.39
2017-06-25,Mumbai,19.076,72.8777,90.44,29.79,pre_flood,831.39,2337.73
2017-06-26,Mumbai,19.076,72.8777,41.87,26.58,pre_flood,633.68,2379.34
2017-06-27,Mumbai,19.076,72.8777,20.31,24.08,pre_flood,560.84,2398.96
2017-06-28,Mumbai,19.076,72.8777,33.16,29.99,pre_flood,539.41,2426.5299999999997
2017-06-29,Mumbai,19.076,72.8777,72.78,28.9,pre_flood,528.73,2499.06
2017-06-30,Mumbai,19.076,72.8777,101.09,29.7,pre_flood,389.18,2600.03
2017-07-01,Mumbai,19.076,72.8777,338.12,28.31,flood,697.77,2897.7200000000003
2017-07-02,Mumbai,19.076,72.8777,56.96,29.44,flood,664.2900000000001,2865.2400000000002
2017-07-03,Mumbai,19.076,72.8777,211.13,24.41,flood,833.5500000000001,3050.98
2017-07-04,Mumbai,19.076,72.8777,150.33,29.84,flood,963.5699999999999,3053.1
2017-07-05,Mumbai,19.076,72.8777,149.99,27.5,flood,1080.4,3156.14
2017-07-06,Mumbai,19.076,72.8777,77.71,28.53,flood,1085.3300000000002,3095.8599999999997
2017-07-07,Mumbai,19.076,72.8777,246.14,28.03,flood,1230.38,3273.0
2017-07-08,Mumbai,19.076,72.8777,51.53,27.54,flood,943.79,3259.62
2017-07-09,Mumbai,19.076,72.8777,137.74,27.38,flood,1024.57,3257.4900000000002
2017-07-10,Mumbai,19.076,72.8777,50.93,26.87,flood,864.37,3258.4700000000003
2017-07-11,Mumbai,19.076,72.8777,99.11,29.43,flood,813.1499999999999,3305.23
2017-07-12,Mumbai,19.076,72.8777,15.31,26.77,flood,678.4699999999999,3216.83
2017-07-13,Mumbai,19.076,72.8777,45.03,26.72,flood,645.79,3214.58
2017-07-14,Mumbai,19.076,72.8777,165.94,29.7,flood,565.59,3163.2999999999997
2017-07-15,Mumbai,19.076,72.8777,324.44,26.55,flood,838.5,3415.73
2017-07-16,Mumbai,19.076,72.8777,113.77,28.66,flood,814.53,3493.19
2017-07-17,Mumbai,19.076,72.8777,132.49,27.81,flood,896.0899999999999,3518.5199999999995
2017-07-18,Mumbai,19.076,72.8777,244.48,29.24,flood,1041.46,3711.7499999999995
2017-07-19,Mumbai,19.076,72.8777,213.68,25.97,flood,1239.8300000000002,3685.85
2017-07-20,Mumbai,19.076,72.8777,221.68,26.19,flood,1416.4799999999998,3814.3799999999997
2017-07-21,Mumbai,19.076,72.8777,57.73,29.92,flood,1308.27,3817.52
2017-07-22,Mumbai,19.076,72.8777,81.63,27.02,flood,1065.46,3815.69
2017-07-23,Mumbai,19.076,72.8777,220.83,27.19,flood,1172.52,3795.88
2017-07-24,Mumbai,19.076,72.8777,51.79,28.26,flood,1091.82,3818.14
2017-07-25,Mumbai,19.076,72.8777,61.53,28.93,flood,908.87,3789.23
2017-07-26,Mumbai,19.076,72.8777,99.64,27.45,flood,794.83,3847.0
2017-07-27,Mumbai,19.076,72.8777,85.97,26.97,flood,659.12,3912.66
2017-07-28,Mumbai,19.076,72.8777,75.32,26.29,flood,676.7099999999999,3954.82
2017-07-29,Mumbai,19.076,72.8777,61.19,25.29,flood,656.27,3943.23
2017-07-30,Mumbai,19.076,72.8777,74.25,29.19,flood,509.69000000000005,3916.39
2017-07-31,Mumbai,19.076,72.8777,159.11,26.07,flood,617.01,3737.38
2017-08-01,Mumbai,19.076,72.8777,104.35,31.74,flood,659.83,3784.77
2017-08-02,Mumbai,19.076,72.8777,159.63,29.08,flood,719.82,3733.27
2017-08-03,Mumbai,19.076,72.8777,90.26,27.85,flood,724.11,3673.2
2017-08-04,Mumbai,19.076,72.8777,92.64,30.08,flood,741.43,3615.85
2017-08-05,Mumbai,19.076,72.8777,78.28,29.74,flood,758.52,3616.42
2017-08-06,Mumbai,19.076,72.8777,156.49,25.73,flood,840.76,3526.7699999999995
2017-08-07,Mumbai,19.076,72.8777,155.56,29.72,flood,837.21,3630.8
2017-08-08,Mumbai,19.076,72.8777,111.28,24.78,flood,844.14,3604.3399999999997
2017-08-09,Mumbai,19.076,72.8777,60.4,26.98,flood,744.91,3613.81
2017-08-10,Mumbai,19.076,72.8777,115.04,28.6,flood,769.69,3629.74
2017-08-11,Mumbai,19.076,72.8777,50.36,28.55,flood,727.4100000000001,3664.79
2017-08-12,Mumbai,19.076,72.8777,141.9,27.69,flood,791.0300000000001,3761.6600000000003
2017-08-13,Mumbai,19.076,72.8777,66.08,27.3,flood,700.62,3661.8
2017-08-14,Mumbai,19.076,72.8777,247.58,29.21,flood,792.6400000000001,3584.94
2017-08-15,Mumbai,19.076,72.8777,66.02,30.09,flood,747.3800000000001,3537.19
2017-08-16,Mumbai,19.076,72.8777,174.84,30.93,flood,861.8200000000002,3579.54
2017-08-17,Mumbai,19.076,72.8777,43.58,25.57,flood,790.36,3378.6400000000003
2017-08-18,Mumbai,19.076,72.8777,54.31,27.09,flood,794.3100000000001,3219.27
2017-08-19,Mumbai,19.076,72.8777,125.74,27.9,flood,778.1500000000001,3123.33
2017-08-20,Mumbai,19.076,72.8777,86.66,27.66,flood,798.73,3152.26
2017-08-21,Mumbai,19.076,72.8777,23.4,27.07,flood,574.5500000000001,3094.03
2017-08-22,Mumbai,19.076,72.8777,137.65,28.64,flood,646.1800000000001,3010.85
2017-08-23,Mumbai,19.076,72.8777,42.12,27.42,flood,513.46,3001.1800000000003
2017-08-24,Mumbai,19.076,72.8777,83.24,27.18,flood,553.12,3022.89
2017-08-25,Mumbai,19.076,72.8777,50.09,30.04,flood,548.9,2973.34
2017-08-26,Mumbai,19.076,72.8777,23.36,26.87,flood,446.52,2910.7300000000005
2017-08-27,Mumbai,19.076,72.8777,20.38,26.43,flood,380.24,2855.79
2017-08-28,Mumbai,19.076,72.8777,50.84,30.29,flood,407.68,2845.44
2017-08-29,Mumbai,19.076,72.8777,135.87,27.82,flood,405.9,2907.06
2017-08-30,Mumbai,19.076,72.8777,262.65,28.45,flood,626.4300000000001,3010.6
2017-08-31,Mumbai,19.076,72.8777,176.86,27.37,flood,720.05,3083.11
2017-09-01,Mumbai,19.076,72.8777,196.11,28.1,flood,866.0699999999999,3119.59
2017-09-02,Mumbai,19.076,72.8777,136.3,26.2,flood,979.01,3165.63
2017-09-03,Mumbai,19.076,72.8777,4.88,24.48,flood,963.51,3077.8700000000003
2017-09-04,Mumbai,19.076,72.8777,26.78,28.32,flood,939.45,3026.37
2017-09-05,Mumbai,19.076,72.8777,9.02,25.49,flood,812.5999999999999,2878.9
2017-09-06,Mumbai,19.076,72.8777,133.04,26.07,flood,682.9900000000001,2856.38
2017-09-07,Mumbai,19.076,72.8777,12.8,29.03,flood,518.9300000000001,2757.9
2017-09-08,Mumbai,19.076,72.8777,28.74,24.38,flood,351.56,2726.2400000000002
2017-09-09,Mumbai,19.076,72.8777,27.48,23.71,flood,242.74,2638.6800000000003
2017-09-10,Mumbai,19.076,72.8777,15.24,22.19,flood,253.1,2603.56
2017-09-11,Mumbai,19.076,72.8777,8.64,25.18,flood,234.96,2470.2999999999997
2017-09-12,Mumbai,19.076,72.8777,225.5,25.52,flood,451.44,2629.72
2017-09-13,Mumbai,19.076,72.8777,29.86,32.36,flood,348.26,2412.0
2017-09-14,Mumbai,19.076,72.8777,214.89,26.11,flood,550.35,2560.87
2017-09-15,Mumbai,19.076,72.8777,19.1,27.45,flood,540.71,2405.13
2017-09-16,Mumbai,19.076,72.8777,14.06,26.12,flood,527.29,2375.61
2017-09-17,Mumbai,19.076,72.8777,23.19,26.18,flood,535.24,2344.4900000000002
2017-09-18,Mumbai,19.076,72.8777,37.9,32.92,flood,564.5,2256.6499999999996
2017-09-19,Mumbai,19.076,72.8777,4.83,27.49,flood,343.83,2174.82
2017-09-20,Mumbai,19.076,72.8777,18.88,29.32,flood,332.84999999999997,2170.2999999999997
2017-09-21,Mumbai,19.076,72.8777,1.28,21.36,flood,119.24,2033.93
2017-09-22,Mumbai,19.076,72.8777,7.23,26.07,flood,107.36999999999999,1999.0400000000002
2017-09-23,Mumbai,19.076,72.8777,5.3,24.85,flood,98.61,1921.1000000000001
2017-09-24,Mumbai,19.076,72.8777,16.5,28.06,flood,91.91999999999999,1887.51
2017-09-25,Mumbai,19.076,72.8777,14.36,28.07,flood,68.38,1878.51
2017-09-26,Mumbai,19.076,72.8777,5.19,26.65,flood,68.74000000000001,1863.32
2017-09-27,Mumbai,19.076,72.8777,15.41,29.13,flood,65.27000000000001,1827.89
2017-09-28,Mumbai,19.076,72.8777,18.02,25.14,flood,82.01,1710.04
2017-09-29,Mumbai,19.076,72.8777,29.91,26.15,flood,104.69,1477.3
2017-09-30,Mumbai,19.076,72.8777,79.02,27.03,flood,178.41,1379.46
2017-10-01,Mumbai,19.076,72.8777,86.0,26.23,flood,247.91,1269.35
2017-10-02,Mumbai,19.076,72.8777,0.81,28.78,flood,234.36,1133.8600000000001
2017-10-03,Mumbai,19.076,72.8777,0.01,25.84,flood,229.17999999999998,1128.99
2017-10-04,Mumbai,19.076,72.8777,0.75,29.79,flood,214.51999999999998,1102.96
2017-10-05,Mumbai,19.076,72.8777,0.01,31.81,flood,196.51000000000002,1093.95
2017-10-06,Mumbai,19.076,72.8777,0.44,30.54,flood,167.04000000000002,961.35
2017-10-07,Mumbai,19.076,72.8777,0.95,26.23,flood,88.97,949.5
2017-10-08,Mumbai,19.076,72.8777,0.81,25.07,flood,3.7800000000000002,921.5699999999999
2017-10-09,Mumbai,19.076,72.8777,0.03,31.12,flood,3.0,894.12
2017-10-10,Mumbai,19.076,72.8777,0.79,29.63,flood,3.7800000000000002,879.6700000000001
2017-10-11,Mumbai,19.076,72.8777,0.06,28.28,flood,3.0900000000000003,871.09
2017-10-12,Mumbai,19.076,72.8777,0.78,25.49,flood,3.8600000000000003,646.37
2017-10-13,Mumbai,19.076,72.8777,153.99,24.37,flood,157.41,770.5
2017-10-14,Mumbai,19.076,72.8777,0.69,26.61,flood,157.15,556.3
2017-10-15,Mumbai,19.076,72.8777,166.56,24.87,flood,322.9,703.76
2017-10-16,Mumbai,19.076,72.8777,124.42,26.53,flood,447.28999999999996,814.12
2017-10-17,Mumbai,19.076,72.8777,0.16,27.06,flood,446.66,791.09
2017-10-18,Mumbai,19.076,72.8777,0.7,29.24,flood,447.3,753.8900000000001
2017-10-19,Mumbai,19.076,72.8777,7.19,25.16,flood,453.71,756.25
2017-10-20,Mumbai,19.076,72.8777,0.04,26.05,flood,299.76000000000005,737.4100000000001
2017-10-21,Mumbai,19.076,72.8777,0.06,28.42,flood,299.13,736.19
2017-10-22,Mumbai,19.076,72.8777,0.09,26.88,flood,132.66,729.0500000000001
2017-10-23,Mumbai,19.076,72.8777,0.21,25.98,flood,8.450000000000001,723.9599999999999
2017-10-24,Mumbai,19.076,72.8777,0.82,26.76,flood,9.110000000000001,708.28
2017-10-25,Mumbai,19.076,72.8777,0.07,27.19,flood,8.48,693.99
2017-10-26,Mumbai,19.076,72.8777,0.61,24.8,flood,1.9,689.41
2017-10-27,Mumbai,19.076,72.8777,104.23,27.39,flood,106.09,778.23
2017-10-28,Mumbai,19.076,72.8777,0.64,25.59,flood,106.67,760.8499999999999
2017-10-29,Mumbai,19.076,72.8777,0.01,27.87,flood,106.59,730.95
2017-10-30,Mumbai,19.076,72.8777,139.81,28.47,flood,246.19,791.74
2017-10-31,Mumbai,19.076,72.8777,0.04,26.65,flood,245.41,705.78
2017-11-01,Mumbai,19.076,72.8777,145.19,25.93,flood,390.53,850.1600000000001
2017-11-02,Mumbai,19.076,72.8777,176.09,28.72,flood,566.01,1026.24
2017-11-03,Mumbai,19.076,72.8777,0.01,27.61,flood,461.78999999999996,1025.5
2017-11-04,Mumbai,19.076,72.8777,91.79,25.5,flood,552.94,1117.28
2017-11-05,Mumbai,19.076,72.8777,0.02,28.37,flood,552.95,1116.86
2017-11-06,Mumbai,19.076,72.8777,183.17,28.6,flood,596.31,1299.0800000000002
2017-11-07,Mumbai,19.076,72.8777,1.29,28.57,flood,597.5600000000001,1299.56
2017-11-08,Mumbai,19.076,72.8777,0.6,25.36,flood,452.96999999999997,1300.1299999999999
2017-11-09,Mumbai,19.076,72.8777,145.02,28.72,flood,421.9,1444.36
2017-11-10,Mumbai,19.076,72.8777,0.0,28.71,flood,421.89,1444.3
2017-11-11,Mumbai,19.076,72.8777,0.02,25.34,flood,330.12,1443.54
2017-11-12,Mumbai,19.076,72.8777,0.76,24.66,flood,330.86,1290.31
2017-11-13,Mumbai,19.076,72.8777,0.1,28.98,flood,147.79,1289.72
2017-11-14,Mumbai,19.076,72.8777,0.12,28.85,flood,146.62,1123.28
2017-11-15,Mumbai,19.076,72.8777,89.07,25.36,flood,235.09,1087.93
2017-11-16,Mumbai,19.076,72.8777,137.52,26.92,flood,227.59,1225.29
2017-11-17,Mumbai,19.076,72.8777,0.03,26.31,flood,227.62,1224.6200000000001
2017-11-18,Mumbai,19.076,72.8777,3.89,26.36,flood,231.48999999999998,1221.32
2017-11-19,Mumbai,19.076,72.8777,0.01,27.8,flood,230.74,1221.29
2017-11-20,Mumbai,19.076,72.8777,0.02,26.53,flood,230.66,1221.25
2017-11-21,Mumbai,19.076,72.8777,196.57,25.87,flood,427.11,1417.73
2017-11-22,Mumbai,19.076,72.8777,89.44,25.99,flood,427.48,1506.96
2017-11-23,Mumbai,19.076,72.8777,0.28,28.19,flood,290.24,1506.42
2017-11-24,Mumbai,19.076,72.8777,0.16,27.61,flood,290.37,1506.51
2017-11-25,Mumbai,19.076,72.8777,112.51,22.52,flood,398.99,1618.4099999999999
2017-11-26,Mumbai,19.076,72.8777,138.37,26.14,flood,537.35,1652.55
2017-11-27,Mumbai,19.076,72.8777,2.39,27.24,flood,539.72,1654.3
2017-11-28,Mumbai,19.076,72.8777,0.77,26.04,flood,343.92,1655.06
2017-11-29,Mumbai,19.076,72.8777,2.09,25.62,flood,256.57000000000005,1517.3400000000001
2017-11-30,Mumbai,19.076,72.8777,171.03,27.66,flood,427.32000000000005,1688.33
2017-12-01,Mumbai,19.076,72.8777,0.03,26.58,flood,427.19,1543.17
2017-12-02,Mumbai,19.076,72.8777,0.09,26.61,flood,314.77000000000004,1367.1699999999998
2017-12-03,Mumbai,19.076,72.8777,0.1,29.54,flood,176.50000000000003,1367.26
2017-12-04,Mumbai,19.076,72.8777,0.09,26.54,flood,174.20000000000005,1275.56
2017-12-05,Mumbai,19.076,72.8777,1.11,24.46,flood,174.54000000000002,1276.65
2017-12-06,Mumbai,19.076,72.8777,2.4,26.44,flood,174.85000000000002,1095.8799999999999
2017-12-07,Mumbai,19.076,72.8777,5.88,26.93,flood,9.700000000000028,1100.47
2017-12-08,Mumbai,19.076,72.8777,191.31,30.15,flood,200.98000000000002,1291.18
2017-12-09,Mumbai,19.076,72.8777,147.36,24.9,flood,348.25,1293.52
2017-12-10,Mumbai,19.076,72.8777,98.23,28.07,flood,446.38,1391.75
2017-12-11,Mumbai,19.076,72.8777,0.93,27.83,flood,447.22,1392.66
2017-12-12,Mumbai,19.076,72.8777,1.72,28.27,flood,447.83000000000004,1393.6200000000001
2017-12-13,Mumbai,19.076,72.8777,1.9,26.88,flood,447.33000000000004,1395.42
2017-12-14,Mumbai,19.076,72.8777,1.02,25.18,flood,442.47,1396.3200000000002
2017-12-15,Mumbai,19.076,72.8777,89.46,28.02,flood,340.62,1396.7099999999998
2017-12-16,Mumbai,19.076,72.8777,176.08,25.96,flood,369.34000000000003,1435.27
2017-12-17,Mumbai,19.076,72.8777,0.43,24.83,flood,271.54,1435.6699999999998
2017-12-18,Mumbai,19.076,72.8777,4.03,28.32,flood,274.64,1435.8100000000002
2017-12-19,Mumbai,19.076,72.8777,0.43,27.88,flood,273.35,1436.23
2017-12-20,Mumbai,19.076,72.8777,0.81,29.97,flood,272.26,1437.02
2017-12-21,Mumbai,19.076,72.8777,0.11,26.57,flood,271.35,1240.56
2017-12-22,Mumbai,19.076,72.8777,91.31,28.82,flood,273.20000000000005,1242.4299999999998
2017-12-23,Mumbai,19.076,72.8777,0.67,27.3,flood,97.79000000000003,1242.82
2017-12-24,Mumbai,19.076,72.8777,0.03,25.42,flood,97.39000000000003,1242.69
2017-12-25,Mumbai,19.076,72.8777,1.63,26.22,flood,94.99000000000004,1131.8100000000002
2017-12-26,Mumbai,19.076,72.8777,0.7,26.08,flood,95.26000000000003,994.14
2017-12-27,Mumbai,19.076,72.8777,0.56,30.37,flood,95.01000000000003,992.31
2017-12-28,Mumbai,19.076,72.8777,195.27,26.44,flood,290.1700000000001,1186.81
2017-12-29,Mumbai,19.076,72.8777,0.22,26.66,flood,199.08000000000004,1184.94
2017-12-30,Mumbai,19.076,72.8777,141.58,23.96,flood,339.99000000000007,1155.49
2017-12-31,Mumbai,19.076,72.8777,0.02,28.85,flood,339.98,1155.48
